-- Konkurrencer
INSERT INTO competition (id, name, date) VALUES (1, 'Bulder & Bajer', '2024-06-15');
INSERT INTO competition (id, name, date) VALUES (2, 'KlatreKlatre', '2024-07-15');

-- dummy data til atleter
INSERT INTO athlete (id, name, email, invited, accepted, checked_in) VALUES (1, 'John John', 'john@example.com', TRUE, TRUE, TRUE);
INSERT INTO athlete (id, name, email, invited, accepted, checked_in) VALUES (2, 'Jane Janesen', 'jane@example.com', TRUE, TRUE, TRUE);
INSERT INTO athlete (id, name, email, invited, accepted, checked_in) VALUES (3, 'Alice Alicen', 'alice@example.com', TRUE, TRUE, TRUE);
INSERT INTO athlete (id, name, email, invited, accepted, checked_in) VALUES (4, 'Bob Marley', 'BM@example.com', TRUE, TRUE, TRUE);
INSERT INTO athlete (id, name, email, invited, accepted, checked_in) VALUES (5, 'Oliver Jenbo', 'OJ@example.com', TRUE, TRUE, TRUE);
INSERT INTO athlete (id, name, email, invited, accepted, checked_in) VALUES (6, 'Kristian Jenbo', 'KJ@example.com', TRUE, TRUE, TRUE);
INSERT INTO athlete (id, name, email, invited, accepted, checked_in) VALUES (7, 'Sascha Dileng', 'SJ@example.com', TRUE, TRUE, FALSE);
INSERT INTO athlete (id, name, email, invited, accepted, checked_in) VALUES (8, 'Danny Nielsen', 'DN@example.com', TRUE, TRUE, FALSE);
INSERT INTO athlete (id, name, email, invited, accepted, checked_in) VALUES (9, 'Jeanett Nielsen', 'JN@example.com', TRUE, TRUE, FALSE);
INSERT INTO athlete (id, name, email, invited, accepted, checked_in) VALUES (10, 'Madeline Nielsen', 'MN@example.com', TRUE, TRUE, FALSE);
INSERT INTO athlete (id, name, email, invited, accepted, checked_in) VALUES (11, 'Amalie Nielsen', 'AN@example.com', TRUE, FALSE, FALSE);
INSERT INTO athlete (id, name, email, invited, accepted, checked_in) VALUES (12, 'Martin Jenbo', 'MJ@example.com', TRUE, FALSE, FALSE);

-- chatgpt genererede atleter
INSERT INTO athlete (id, name, email, invited, accepted, checked_in) VALUES (13, 'Athlete 13', 'athlete13@example.com', TRUE, TRUE, FALSE);
INSERT INTO athlete (id, name, email, invited, accepted, checked_in) VALUES (14, 'Athlete 14', 'athlete14@example.com', TRUE, TRUE, TRUE);
INSERT INTO athlete (id, name, email, invited, accepted, checked_in) VALUES (15, 'Athlete 15', 'athlete15@example.com', TRUE, TRUE, FALSE);
INSERT INTO athlete (id, name, email, invited, accepted, checked_in) VALUES (16, 'Athlete 16', 'athlete16@example.com', TRUE, TRUE, FALSE);
INSERT INTO athlete (id, name, email, invited, accepted, checked_in) VALUES (17, 'Athlete 17', 'athlete17@example.com', TRUE, TRUE, TRUE);
INSERT INTO athlete (id, name, email, invited, accepted, checked_in) VALUES (18, 'Athlete 18', 'athlete18@example.com', TRUE, FALSE, FALSE);
INSERT INTO athlete (id, name, email, invited, accepted, checked_in) VALUES (19, 'Athlete 19', 'athlete19@example.com', TRUE, TRUE, TRUE);
INSERT INTO athlete (id, name, email, invited, accepted, checked_in) VALUES (20, 'Athlete 20', 'athlete20@example.com', TRUE, FALSE, FALSE);
INSERT INTO athlete (id, name, email, invited, accepted, checked_in) VALUES (21, 'Athlete 21', 'athlete21@example.com', TRUE, TRUE, FALSE);
INSERT INTO athlete (id, name, email, invited, accepted, checked_in) VALUES (22, 'Athlete 22', 'athlete22@example.com', TRUE, TRUE, TRUE);
INSERT INTO athlete (id, name, email, invited, accepted, checked_in) VALUES (23, 'Athlete 23', 'athlete23@example.com', TRUE, TRUE, TRUE);
INSERT INTO athlete (id, name, email, invited, accepted, checked_in) VALUES (24, 'Athlete 24', 'athlete24@example.com', TRUE, TRUE, FALSE);
INSERT INTO athlete (id, name, email, invited, accepted, checked_in) VALUES (25, 'Athlete 25', 'athlete25@example.com', TRUE, TRUE, TRUE);
INSERT INTO athlete (id, name, email, invited, accepted, checked_in) VALUES (26, 'Athlete 26', 'athlete26@example.com', TRUE, TRUE, TRUE);
INSERT INTO athlete (id, name, email, invited, accepted, checked_in) VALUES (27, 'Athlete 27', 'athlete27@example.com', TRUE, TRUE, FALSE);
INSERT INTO athlete (id, name, email, invited, accepted, checked_in) VALUES (28, 'Athlete 28', 'athlete28@example.com', TRUE, TRUE, TRUE);
INSERT INTO athlete (id, name, email, invited, accepted, checked_in) VALUES (29, 'Athlete 29', 'athlete29@example.com', TRUE, TRUE, FALSE);
INSERT INTO athlete (id, name, email, invited, accepted, checked_in) VALUES (30, 'Athlete 30', 'athlete30@example.com', TRUE, TRUE, TRUE);
INSERT INTO athlete (id, name, email, invited, accepted, checked_in) VALUES (31, 'Athlete 31', 'athlete31@example.com', TRUE, FALSE, FALSE);
INSERT INTO athlete (id, name, email, invited, accepted, checked_in) VALUES (32, 'Athlete 32', 'athlete32@example.com', TRUE, TRUE, TRUE);
INSERT INTO athlete (id, name, email, invited, accepted, checked_in) VALUES (33, 'Athlete 33', 'athlete33@example.com', TRUE, TRUE, FALSE);
INSERT INTO athlete (id, name, email, invited, accepted, checked_in) VALUES (34, 'Athlete 34', 'athlete34@example.com', TRUE, TRUE, TRUE);
INSERT INTO athlete (id, name, email, invited, accepted, checked_in) VALUES (35, 'Athlete 35', 'athlete35@example.com', TRUE, FALSE, TRUE);
INSERT INTO athlete (id, name, email, invited, accepted, checked_in) VALUES (36, 'Athlete 36', 'athlete36@example.com', TRUE, TRUE, TRUE);
INSERT INTO athlete (id, name, email, invited, accepted, checked_in) VALUES (37, 'Athlete 37', 'athlete37@example.com', TRUE, FALSE, FALSE);
INSERT INTO athlete (id, name, email, invited, accepted, checked_in) VALUES (38, 'Athlete 38', 'athlete38@example.com', TRUE, TRUE, TRUE);
INSERT INTO athlete (id, name, email, invited, accepted, checked_in) VALUES (39, 'Athlete 39', 'athlete39@example.com', TRUE, FALSE, FALSE);
INSERT INTO athlete (id, name, email, invited, accepted, checked_in) VALUES (40, 'Athlete 40', 'athlete40@example.com', TRUE, TRUE, TRUE);
INSERT INTO athlete (id, name, email, invited, accepted, checked_in) VALUES (41, 'Athlete 41', 'athlete41@example.com', TRUE, FALSE, FALSE);
INSERT INTO athlete (id, name, email, invited, accepted, checked_in) VALUES (42, 'Athlete 42', 'athlete42@example.com', TRUE, FALSE, FALSE);

-- indsættelse af atleter i konkurrence 1
INSERT INTO competition_athlete (competition_id, athlete_id) VALUES (1, 1);
INSERT INTO competition_athlete (competition_id, athlete_id) VALUES (1, 2);
INSERT INTO competition_athlete (competition_id, athlete_id) VALUES (1, 3);
INSERT INTO competition_athlete (competition_id, athlete_id) VALUES (1, 4);
INSERT INTO competition_athlete (competition_id, athlete_id) VALUES (1, 5);
INSERT INTO competition_athlete (competition_id, athlete_id) VALUES (1, 6);
INSERT INTO competition_athlete (competition_id, athlete_id) VALUES (1, 7);
INSERT INTO competition_athlete (competition_id, athlete_id) VALUES (1, 8);
INSERT INTO competition_athlete (competition_id, athlete_id) VALUES (1, 9);
INSERT INTO competition_athlete (competition_id, athlete_id) VALUES (1, 10);
INSERT INTO competition_athlete (competition_id, athlete_id) VALUES (1, 11);
INSERT INTO competition_athlete (competition_id, athlete_id) VALUES (1, 13);
INSERT INTO competition_athlete (competition_id, athlete_id) VALUES (1, 14);
INSERT INTO competition_athlete (competition_id, athlete_id) VALUES (1, 15);
INSERT INTO competition_athlete (competition_id, athlete_id) VALUES (1, 17);
INSERT INTO competition_athlete (competition_id, athlete_id) VALUES (1, 18);
INSERT INTO competition_athlete (competition_id, athlete_id) VALUES (1, 19);
INSERT INTO competition_athlete (competition_id, athlete_id) VALUES (1, 21);
INSERT INTO competition_athlete (competition_id, athlete_id) VALUES (1, 22);
INSERT INTO competition_athlete (competition_id, athlete_id) VALUES (1, 23);
INSERT INTO competition_athlete (competition_id, athlete_id) VALUES (1, 25);
INSERT INTO competition_athlete (competition_id, athlete_id) VALUES (1, 27);
INSERT INTO competition_athlete (competition_id, athlete_id) VALUES (1, 28);
INSERT INTO competition_athlete (competition_id, athlete_id) VALUES (1, 29);
INSERT INTO competition_athlete (competition_id, athlete_id) VALUES (1, 31);
INSERT INTO competition_athlete (competition_id, athlete_id) VALUES (1, 32);
INSERT INTO competition_athlete (competition_id, athlete_id) VALUES (1, 35);
INSERT INTO competition_athlete (competition_id, athlete_id) VALUES (1, 36);
INSERT INTO competition_athlete (competition_id, athlete_id) VALUES (1, 38);
INSERT INTO competition_athlete (competition_id, athlete_id) VALUES (1, 40);
INSERT INTO competition_athlete (competition_id, athlete_id) VALUES (1, 42);

-- Indsættelse af data i konkurrence 2
INSERT INTO competition_athlete (competition_id, athlete_id) VALUES (2, 1);
INSERT INTO competition_athlete (competition_id, athlete_id) VALUES (2, 3);
INSERT INTO competition_athlete (competition_id, athlete_id) VALUES (2, 5);
INSERT INTO competition_athlete (competition_id, athlete_id) VALUES (2, 7);
INSERT INTO competition_athlete (competition_id, athlete_id) VALUES (2, 9);
INSERT INTO competition_athlete (competition_id, athlete_id) VALUES (2, 11);
INSERT INTO competition_athlete (competition_id, athlete_id) VALUES (2, 13);
INSERT INTO competition_athlete (competition_id, athlete_id) VALUES (2, 15);
INSERT INTO competition_athlete (competition_id, athlete_id) VALUES (2, 17);
INSERT INTO competition_athlete (competition_id, athlete_id) VALUES (2, 19);
INSERT INTO competition_athlete (competition_id, athlete_id) VALUES (2, 21);
INSERT INTO competition_athlete (competition_id, athlete_id) VALUES (2, 23);
INSERT INTO competition_athlete (competition_id, athlete_id) VALUES (2, 25);
INSERT INTO competition_athlete (competition_id, athlete_id) VALUES (2, 29);
INSERT INTO competition_athlete (competition_id, athlete_id) VALUES (2, 31);
INSERT INTO competition_athlete (competition_id, athlete_id) VALUES (2, 35);
INSERT INTO competition_athlete (competition_id, athlete_id) VALUES (2, 37);
INSERT INTO competition_athlete (competition_id, athlete_id) VALUES (2, 41);
INSERT INTO competition_athlete (competition_id, athlete_id) VALUES (2, 2);
INSERT INTO competition_athlete (competition_id, athlete_id) VALUES (2, 4);
INSERT INTO competition_athlete (competition_id, athlete_id) VALUES (2, 10);
INSERT INTO competition_athlete (competition_id, athlete_id) VALUES (2, 12);
INSERT INTO competition_athlete (competition_id, athlete_id) VALUES (2, 16);
INSERT INTO competition_athlete (competition_id, athlete_id) VALUES (2, 18);
INSERT INTO competition_athlete (competition_id, athlete_id) VALUES (2, 20);
INSERT INTO competition_athlete (competition_id, athlete_id) VALUES (2, 24);
INSERT INTO competition_athlete (competition_id, athlete_id) VALUES (2, 26);
INSERT INTO competition_athlete (competition_id, athlete_id) VALUES (2, 30);
INSERT INTO competition_athlete (competition_id, athlete_id) VALUES (2, 32);
INSERT INTO competition_athlete (competition_id, athlete_id) VALUES (2, 36);
INSERT INTO competition_athlete (competition_id, athlete_id) VALUES (2, 38);
INSERT INTO competition_athlete (competition_id, athlete_id) VALUES (2, 42);
